1,的
2,、
3,性
4,病
5,血
6,）
7,（
8,1
9,可
10,有
11,发
12,儿
13,生
14,0
15,和
16,为
17,2
18,$
19,在
20,不
21,时
22,用
23,体
24,.
25,一
26,或
27,及
28,中
29,常
30,于
31,出
32,以
33,分
34,是
35,动
36,能
37,现
38,细
39,后
40,多
41,小
42,心
43,症
44,3
45,5
46,s
47,管
48,因
49,m
50,疗
51,胞
52,应
53,量
54,高
55,g
56,内
57,大
58,e
59,a
60,重
61,i
62,素
63,～
64,对
65,_
66,>
67,<
68,成
69,患
70,4
71,肺
72,等
73,期
74,者
75,感
76,A
77,其
78,要
79,状
80,染
81,上
82,物
83,下
84,部
85,治
86,合
87,肾
88,尿
89,%
90,表
91,脉
92,如
93,菌
94,炎
95,与
96,o
97,u
98,/
99,n
100,增
101,型
102,化
103,-
104,r
105,度
106,气
107,过
108,毒
109,原
110,作
111,C
112,l
113,白
114,吸
115,主
116,脑
117,检
118,人
119,经
120,年
121,结
122,6
123,水
124,低
125,间
126,行
127,抗
128,而
129,H
130,t
131,变
132,P
133,少
134,进
135,力
136,种
137,药
138,诊
139,道
140,9
141,流
142,酸
143,肿
144,外
145,较
146,断
147,定
148,D
149,见
150,I
151,膜
152,位
153,查
154,缺
155,无
156,学
157,压
158,起
159,质
160,S
161,前
162,个
163,同
164,肠
165,通
166,p
167,加
168,长
169,c
170,正
171,床
172,但
173,反
174,形
175,显
176,明
177,肌
178,液
179,T
180,致
181,使
182,方
183,导
184,并
185,术
186,临
187,数
188,率
189,关
190,新
191,b
192,室
193,异
194,特
195,组
196,蛋
197,理
198,8
199,复
200,功
201,活
202,基
203,也
204,制
205,全
206,剂
207,入
208,由
209,d
210,瘤
211,皮
212,7
213,呼
214,疾
215,征
216,次
217,N
218,类
219,神
220,B
221,童
222,R
223,系
224,法
225,相
226,M
227,程
228,维
229,减
230,免
231,此
232,引
233,测
234,最
235,L
236,疫
237,到
238,周
239,二
240,效
241,天
242,产
243,持
244,损
245,k
246,影
247,注
248,平
249,节
250,子
251,至
252,静
253,受
254,三
255,急
256,养
257,传
258,需
259,腹
260,织
261,骨
262,育
263,所
264,本
265,他
266,解
267,接
268,糖
269,降
270,脏
271,肝
272,食
273,严
274,情
275,氧
276,V
277,每
278,障
279,面
280,激
281,早
282,自
283,失
284,代
285,左
286,右
287,球
288,色
289,G
290,这
291,除
292,手
293,红
294,包
295,存
296,张
297,机
298,腺
299,指
300,h
301,伴
302,婴
303,消
304,均
305,碍
306,即
307,清
308,口
309,确
310,第
311,转
312,果
313,国
314,环
315,E
316,统
317,头
318,酶
319,了
320,例
321,月
322,据
323,痛
324,良
325,O
326,胃
327,核
328,些
329,单
330,达
331,意
332,电
333,标
334,岁
335,括
336,则
337,会
338,积
339,验
340,来
341,当
342,比
343,慢
344,先
345,易
346,阻
347,别
348,身
349,热
350,实
351,伤
352,改
353,收
354,直
355,提
356,开
357,续
358,F
359,死
360,综
361,般
362,科
363,示
364,造
365,目
366,各
367,侧
368,胸
369,腔
370,射
371,随
372,速
373,点
374,缩
375,龄
376,地
377,预
378,房
379,约
380,轻
381,根
382,给
383,排
384,支
385,近
386,y
387,遗
388,胎
389,输
390,好
391,调
392,强
393,非
394,两
395,得
396,向
397,之
398,研
399,切
400,况
401,隔
402,乏
403,放
404,扩
405,超
406,四
407,区
408,母
409,已
410,究
411,完
412,医
413,运
414,从
415,巴
416,将
417,容
418,呈
419,展
420,氨
421,足
422,图
423,试
424,称
425,乳
426,服
427,缓
428,还
429,样
430,很
431,响
432,衰
433,适
434,泌
435,溶
436,黏
437,具
438,处
439,选
440,含
441,器
442,家
443,未
444,X
445,营
446,且
447,态
448,线
449,抽
450,防
451,谢
452,肉
453,采
454,然
455,被
456,离
457,保
458,音
459,片
460,置
461,刺
462,甲
463,幼
464,更
465,移
466,计
467,报
468,难
469,青
470,声
471,差
472,淋
473,围
474,突
475,日
476,波
477,纤
478,竭
479,阳
480,止
481,抑
482,透
483,升
484,始
485,杆
486,段
487,证
488,杂
489,颅
490,视
491,干
492,板
493,取
494,脊
495,快
496,双
497,仅
498,准
499,补
500,陷
501,瓣
502,脂
503,塞
504,析
505,阴
506,该
507,充
508,往
509,极
510,髓
511,门
512,贫
513,疹
514,利
515,囊
516,便
517,脱
518,继
519,值
520,再
521,敏
522,步
523,循
524,害
525,①
526,②
527,交
528,认
529,源
530,脓
531,U
532,短
533,式
534,限
535,肤
536,镜
537,胱
538,助
539,眼
540,必
541,立
542,渐
543,微
544,畸
545,闭
546,黄
547,逐
548,仍
549,连
550,局
551,技
552,钙
553,钠
554,尚
555,粒
556,安
557,f
558,克
559,规
560,端
561,裂
562,培
563,控
564,构
565,霉
566,问
567,予
568,联
569,坏
570,窄
571,着
572,浆
573,观
574,虫
575,延
576,睡
577,“
578,”
579,供
580,泡
581,带
582,③
583,依
584,危
585,我
586,首
587,停
588,浓
589,铁
590,尤
591,累
592,护
593,胆
594,评
595,v
596,＜
597,象
598,•
599,胺
600,胰
601,虑
602,占
603,+
604,亡
605,考
606,碱
607,善
608,社
609,狭
610,凝
611,群
612,半
613,否
614,又
615,肢
616,整
617,膀
618,史
619,困
620,链
621,女
622,＞
623,总
624,广
625,回
626,语
627,叶
628,故
629,促
630,葡
631,甚
632,风
633,像
634,题
635,觉
636,吐
637,W
638,列
639,咽
640,渗
641,触
642,密
643,只
644,恶
645,息
646,都
647,做
648,梗
649,述
650,径
651,初
652,价
653,男
654,鼻
655,穿
656,钾
657,典
658,呕
659,监
660,光
661,察
662,十
663,萄
664,空
665,诱
666,精
667,壁
668,尖
669,获
670,磷
671,集
672,某
673,似
674,条
675,属
676,几
677,志
678,推
679,毛
680,换
681,境
682,滴
683,丙
684,另
685,μ
686,K
687,频
688,隐
689,恢
690,固
691,格
692,酮
693,若
694,亦
695,共
696,摄
697,释
698,智
699,律
700,植
701,义
702,软
703,界
704,鉴
705,决
706,泻
707,参
708,按
709,休
710,越
711,松
712,颈
713,须
714,眠
715,亲
716,殖
717,熟
718,尽
719,就
720,迫
721,五
722,破
723,硬
724,言
725,苗
726,亚
727,β
728,湿
729,择
730,工
731,布
732,曲
733,耐
734,美
735,负
736,咳
737,痫
738,普
739,真
740,乙
741,宜
742,碳
743,灶
744,知
745,孔
746,说
747,侵
748,去
749,饮
750,盐
751,肪
752,路
753,迟
754,温
755,紧
756,癫
757,衡
758,麻
759,备
760,枢
761,才
762,播
763,泛
764,避
765,何
766,针
767,冠
768,疼
769,料
770,留
771,乱
772,螺
773,们
774,灌
775,窦
776,项
777,万
778,Ⅱ
779,退
780,终
781,西
782,巨
783,散
784,深
785,案
786,网
787,④
788,钟
789,品
790,层
791,洗
792,估
793,阿
794,紫
795,氢
796,孕
797,级
798,族
799,习
800,脾
801,栓
802,健
803,远
804,苯
805,筛
806,沉
807,喂
808,晚
809,弱
810,记
811,院
812,照
813,疡
814,挛
815,氯
816,底
817,浸
818,米
819,斑
820,任
821,配
822,×
823,康
824,件
825,论
826,落
827,卵
828,旋
829,Ⅰ
830,紊
831,范
832,暂
833,J
834,险
835,孩
836,倍
837,施
838,块
839,睾
840,它
841,幽
842,弥
843,嗜
844,华
845,润
846,著
847,惊
848,迅
849,卫
850,设
851,没
852,溃
853,殊
854,附
855,父
856,∶
857,胶
858,搏
859,胀
860,膨
861,辅
862,春
863,简
864,聚
865,础
866,愈
867,丢
868,识
869,喘
870,北
871,末
872,许
873,疸
874,信
875,官
876,缘
877,偏
878,判
879,建
880,访
881,介
882,算
883,肥
884,粪
885,角
886,弓
887,假
888,稳
889,痉
890,锌
891,纠
892,念
893,林
894,装
895,途
896,世
897,冲
898,资
899,锁
900,求
901,苷
902,六
903,Q
904,描
905,纯
906,α
907,混
908,告
909,员
910,醇
911,势
912,孢
913,厚
914,独
915,酰
916,副
917,厥
918,号
919,版
920,萎
921,偶
922,命
923,赖
924,阶
925,海
926,x
927,余
928,靠
929,圆
930,珠
931,喉
932,优
933,】
934,【
935,满
936,够
937,禁
938,金
939,牙
940,际
941,游
942,序
943,潜
944,荷
945,胚
946,旁
947,鞘
948,奶
949,噬
950,耗
951,虽
952,败
953,兴
954,南
955,元
956,疑
957,边
958,妇
959,兰
960,漫
961,唑
962,替
963,久
964,听
965,镇
966,想
967,模
968,宫
969,己
970,舒
971,趋
972,探
973,q
974,脐
975,峰
976,堵
977,嗽
978,横
979,京
980,污
981,柱
982,滞
983,骼
984,痰
985,庭
986,顺
987,残
988,纹
989,卡
990,救
991,拉
992,录
993,专
994,荐
995,杀
996,硫
997,哮
998,Ⅲ
999,振
1000,看
1001,衣
1002,走
1003,融
1004,教
1005,铜
1006,丸
1007,尼
1008,寒
1009,垂
1010,粉
1011,滑
1012,吞
1013,餐
1014,事
1015,石
1016,瘫
1017,插
1018,套
1019,碘
1020,苏
1021,佳
1022,文
1023,绝
1024,创
1025,映
1026,百
1027,Y
1028,芽
1029,乎
1030,z
1031,屏
1032,迷
1033,滤
1034,协
1035,递
1036,疱
1037,≥
1038,盘
1039,名
1040,汁
1041,伏
1042,w
1043,剖
1044,氮
1045,绀
1046,醒
1047,逆
1048,章
1049,械
1050,奋
1051,氏
1052,潮
1053,涂
1054,泄
1055,剧
1056,宿
1057,亢
1058,梅
1059,民
1060,尔
1061,束
1062,操
1063,幅
1064,疮
1065,颗
1066,富
1067,骤
1068,纵
1069,颤
1070,粗
1071,革
1072,叩
1073,窒
1074,仪
1075,⑤
1076,烈
1077,找
1078,叠
1079,宽
1080,误
1081,送
1082,椎
1083,措
1084,偿
1085,洛
1086,肛
1087,羟
1088,待
1089,帮
1090,扫
1091,丝
1092,夜
1093,=
1094,漏
1095,稀
1096,楚
1097,岛
1098,耳
1099,饱
1100,背
1101,℃
1102,市
1103,腰
1104,羊
1105,妊
1106,膳
1107,娠
1108,股
1109,隙
1110,储
1111,沙
1112,季
1113,修
1114,昏
1115,轴
1116,码
1117,癜
1118,公
1119,击
1120,荧
1121,业
1122,编
1123,卧
1124,阵
1125,话
1126,冷
1127,互
1128,孤
1129,索
1130,绪
1131,伸
1132,牛
1133,纪
1134,厌
1135,臂
1136,略
1137,盂
1138,酯
1139,隆
1140,词
1141,怀
1142,斜
1143,欲
1144,弹
1145,马
1146,谱
1147,磺
1148,—
1149,扁
1150,雾
1151,甘
1152,暴
1153,距
1154,豆
1155,鲜
1156,曾
1157,癌
1158,友
1159,苍
1160,躯
1161,酚
1162,闻
1163,翻
1164,露
1165,肽
1166,疟
1167,沟
1168,键
1169,烟
1170,野
1171,居
1172,磁
1173,蛛
1174,那
1175,畅
1176,烦
1177,遍
1178,繁
1179,今
1180,丰
1181,戏
1182,偻
1183,玩
1184,齿
1185,株
1186,佝
1187,鸣
1188,茶
1189,潴
1190,把
1191,既
1192,狼
1193,携
1194,呤
1195,油
1196,扰
1197,旦
1198,议
1199,肋
1200,详
1201,淀
1202,警
1203,尾
1204,醛
1205,拮
1206,脆
1207,住
1208,丘
1209,迁
1210,乐
1211,啶
1212,镁
1213,献
1214,辛
1215,蠕
1216,秒
1217,弯
1218,询
1219,嗪
1220,袭
1221,浅
1222,晨
1223,烧
1224,车
1225,膈
1226,疝
1227,跳
1228,丁
1229,焦
1230,腱
1231,氟
1232,济
1233,抵
1234,窘
1235,灭
1236,味
1237,泼
1238,望
1239,域
1240,司
1241,棘
1242,疏
1243,舌
1244,叉
1245,掌
1246,靶
1247,汗
1248,凹
1249,额
1250,材
1251,糜
1252,喷
1253,酐
1254,七
1255,辨
1256,江
1257,师
1258,添
1259,鼠
1260,托
1261,练
1262,震
1263,啰
1264,场
1265,硝
1266,疲
1267,慎
1268,丧
1269,哭
1270,溺
1271,错
1272,桃
1273,太
1274,缔
1275,握
1276,划
1277,争
1278,Ⅳ
1279,泵
1280,益
1281,薄
1282,答
1283,躁
1284,歇
1285,纳
1286,妥
1287,弛
1288,惯
1289,思
1290,倾
1291,扭
1292,顾
1293,涉
1294,灰
1295,挥
1296,永
1297,啡
1298,幕
1299,草
1300,概
1301,⑥
1302,痪
1303,络
1304,酪
1305,黑
1306,搐
1307,寄
1308,犯
1309,浊
1310,晶
1311,蓝
1312,稍
1313,滋
1314,符
1315,瘘
1316,烂
1317,亮
1318,晕
1319,份
1320,晰
1321,刻
1322,咬
1323,央
1324,瘀
1325,坐
1326,折
1327,忌
1328,奇
1329,枕
1330,封
1331,噻
1332,团
1333,肩
1334,娩
1335,粘
1336,缝
1337,盖
1338,窝
1339,扎
1340,颜
1341,廓
1342,顶
1343,省
1344,希
1345,郁
1346,校
1347,趾
1348,劳
1349,打
1350,匀
1351,轮
1352,恐
1353,囟
1354,姿
1355,Z
1356,寻
1357,费
1358,陈
1359,烫
1360,醉
1361,花
1362,唇
1363,哌
1364,杨
1365,泮
1366,罕
1367,欧
1368,池
1369,淹
1370,冬
1371,倒
1372,j
1373,洲
1374,邻
1375,洁
1376,瘦
1377,咪
1378,≤
1379,嘌
1380,瑞
1381,Ⅷ
1382,芬
1383,唯
1384,梦
1385,屈
1386,丛
1387,诉
1388,磨
1389,嘧
1390,字
1391,忆
1392,匹
1393,盲
1394,八
1395,训
1396,韦
1397,锥
1398,贮
1399,痹
1400,雷
1401,膝
1402,蛔
1403,痕
1404,么
1405,颌
1406,坚
1407,汇
1408,星
1409,木
1410,却
1411,肯
1412,吮
1413,灵
1414,农
1415,载
1416,读
1417,腭
1418,让
1419,催
1420,九
1421,钩
1422,菜
1423,驱
1424,腮
1425,截
1426,呋
1427,汤
1428,庆
1429,仿
1430,拍
1431,淡
1432,遇
1433,绒
1434,斗
1435,犬
1436,抢
1437,脲
1438,稠
1439,纸
1440,γ
1441,荡
1442,句
1443,迹
1444,吡
1445,策
1446,圈
1447,罗
1448,*
1449,归
1450,［
1451,候
1452,脸
1453,谓
1454,忽
1455,英
1456,架
1457,顿
1458,铅
1459,川
1460,鼓
1461,务
1462,苄
1463,淤
1464,蝶
1465,］
1466,蔓
1467,盆
1468,鲁
1469,老
1470,沿
1471,趣
1472,谷
1473,龙
1474,渣
1475,腿
1476,《
1477,吗
1478,演
1479,东
1480,虚
1481,》
1482,挤
1483,什
1484,梁
1485,篇
1486,颞
1487,午
1488,暗
1489,拟
1490,爱
1491,牵
1492,勒
1493,李
1494,喜
1495,覆
1496,吃
1497,鱼
1498,腋
1499,里
1500,枝
1501,‰
1502,δ
1503,矫
1504,威
1505,埃
1506,攻
1507,糊
1508,睑
1509,霍
1510,壳
1511,商
1512,汉
1513,鸟
1514,盈
1515,暖
1516,莫
1517,舞
1518,夏
1519,订
1520,狂
1521,柔
1522,哺
1523,痢
1524,书
1525,皱
1526,欢
1527,令
1528,愿
1529,瘢
1530,德
1531,绿
1532,历
1533,撤
1534,跨
1535,猝
1536,怕
1537,痘
1538,钡
1539,崎
1540,荚
1541,吻
1542,瞳
1543,巢
1544,城
1545,燥
1546,印
1547,咨
1548,彻
1549,撞
1550,赘
1551,斯
1552,福
1553,髂
1554,讨
1555,扑
1556,脚
1557,担
1558,凡
1559,践
1560,飞
1561,贝
1562,领
1563,军
1564,拇
1565,桥
1566,Ⅴ
1567,嵌
1568,惹
1569,香
1570,沫
1571,酌
1572,擦
1573,吴
1574,战
1575,芳
1576,台
1577,冰
1578,垫
1579,逼
1580,哪
1581,洞
1582,宁
1583,雄
1584,夹
1585,巩
1586,绍
1587,扣
1588,麦
1589,灼
1590,烯
1591,泳
1592,跃
1593,站
1594,剑
1595,拒
1596,聋
1597,责
1598,客
1599,胡
1600,云
1601,办
1602,摸
1603,撕
1604,仔
1605,坦
1606,昔
1607,净
1608,蹈
1609,蚴
1610,画
1611,唾
1612,叫
1613,秘
1614,嘴
1615,树
1616,梢
1617,阐
1618,涵
1619,绕
1620,钢
1621,髋
1622,委
1623,猪
1624,枸
1625,怖
1626,°
1627,醋
1628,→
1629,喹
1630,冻
1631,媒
1632,簧
1633,懂
1634,橼
1635,辐
1636,洋
1637,冒
1638,罩
1639,梯
1640,碎
1641,蒙
1642,伪
1643,粟
1644,虹
1645,膏
1646,山
1647,闹
1648,借
1649,恰
1650,鹅
1651,摩
1652,畏
1653,遵
1654,亿
1655,寿
1656,戊
1657,艾
1658,憩
1659,秋
1660,锡
1661,诺
1662,剥
1663,千
1664,棕
1665,琼
1666,拭
1667,匿
1668,梭
1669,政
1670,兆
1671,敷
1672,恒
1673,抱
1674,臭
1675,王
1676,炼
1677,追
1678,萘
1679,钳
1680,贵
1681,御
1682,痂
1683,凸
1684,’
1685,茎
1686,汀
1687,屑
1688,肱
1689,迄
1690,欠
1691,绩
1692,刷
1693,椭
1694,戴
1695,尺
1696,悬
1697,古
1698,拥
1699,兼
1700,河
1701,泪
1702,痒
1703,士
1704,哚
1705,锻
1706,Φ
1707,守
1708,剩
1709,骺
1710,臀
1711,忧
1712,崩
1713,馈
1714,袋
1715,肟
1716,抬
1717,吲
1718,朋
1719,串
1720,景
1721,伞
1722,骶
1723,雌
1724,土
1725,齐
1726,秽
1727,韧
1728,苦
1729,登
1730,卷
1731,±
1732,镰
1733,刀
1734,颊
1735,滥
1736,慰
1737,渴
1738,跟
1739,竞
1740,纽
1741,酒
1742,徐
1743,耻
1744,姑
1745,惕
1746,玻
1747,钝
1748,廉
1749,箱
1750,悉
1751,咖
1752,叙
1753,稚
1754,⑦
1755,盛
1756,刚
1757,蛲
1758,僵
1759,呓
1760,执
1761,谨
1762,帕
1763,伯
1764,启
1765,惧
1766,靡
1767,簇
1768,婚
1769,…
1770,旺
1771,昂
1772,吵
1773,贴
1774,顽
1775,胖
1776,零
1777,漂
1778,肼
1779,奈
1780,权
1781,扪
1782,溢
1783,貌
1784,绞
1785,杯
1786,鸡
1787,眶
1788,勿
1789,乃
1790,矢
1791,饥
1792,毕
1793,锰
1794,拿
1795,彩
1796,返
1797,诸
1798,库
1799,腕
1800,州
1801,投
1802,矮
1803,遭
1804,倡
1805,Ⅸ
1806,妈
1807,辆
1808,弧
1809,蔬
1810,孙
1811,棉
1812,桡
1813,塑
1814,堆
1815,课
1816,辑
1817,涤
1818,写
1819,龈
1820,潘
1821,杵
1822,毫
1823,蚕
1824,励
1825,胛
1826,泽
1827,批
1828,仰
1829,酵
1830,嚼
1831,甾
1832,册
1833,奎
1834,跌
1835,蔗
1836,爆
1837,嚏
1838,巧
1839,奔
1840,跖
1841,咯
1842,扇
1843,瑟
1844,萌
1845,凋
1846,彼
1847,螯
1848,涕
1849,睛
1850,班
1851,旧
1852,拼
1853,柯
1854,'
1855,府
1856,吉
1857,铃
1858,哆
1859,漠
1860,啉
1861,扮
1862,村
1863,努
1864,阀
1865,森
1866,绵
1867,裹
1868,尘
1869,窗
1870,挫
1871,憋
1872,恩
1873,胁
1874,萨
1875,剪
1876,闷
1877,夺
1878,壮
1879,搭
1880,摇
1881,举
1882,杜
1883,逃
1884,娣
1885,踏
1886,苔
1887,俯
1888,酱
1889,猴
1890,哑
1891,莉
1892,仁
1893,袢
1894,沈
1895,盒
1896,博
1897,阈
1898,框
1899,陆
1900,怒
1901,浮
1902,摆
1903,Ⅹ
1904,蓄
1905,卟
1906,废
1907,厕
1908,唤
1909,抚
1910,蹲
1911,杰
1912,刘
1913,赶
1914,译
1915,填
1916,饿
1917,瓶
1918,龋
1919,歧
1920,朝
1921,港
1922,魇
1923,倦
1924,矿
1925,睫
1926,津
1927,娃
1928,笑
1929,璃
1930,鞋
1931,蜱
1932,铝
1933,尸
1934,痊
1935,奖
1936,锝
1937,眨
1938,饲
1939,拔
1940,妹
1941,隧
1942,鹿
1943,漱
1944,眉
1945,棒
1946,珍
1947,胜
1948,巾
1949,蘑
1950,翼
1951,溴
1952,甙
1953,筒
1954,审
1955,盏
1956,琥
1957,塌
1958,薯
1959,畜
1960,汞
1961,蔡
1962,阅
1963,挑
1964,罚
1965,⑧
1966,铂
1967,呆
1968,蚊
1969,徙
1970,墨
1971,翘
1972,阑
1973,铵
1974,猫
1975,凶
1976,尝
1977,踪
1978,踝
1979,爬
1980,默
1981,妨
1982,盗
1983,泥
1984,玉
1985,奥
1986,鞍
1987,凌
1988,逻
1989,晓
1990,咀
1991,疣
1992,羞
1993,叮
1994,伦
1995,兄
1996,姆
1997,眩
1998,瞻
1999,允
2000,伙
2001,抓
2002,姐
2003,饭
2004,罐
2005,毁
2006,巯
2007,跑
2008,蒸
2009,帽
2010,付
2011,乖
2012,贺
2013,薛
2014,瘙
2015,菇
2016,丹
2017,户
2018,宝
2019,澳
2020,渡
2021,荨
2022,睁
2023,礼
2024,耶
2025,颇
2026,蜂
2027,揭
2028,众
2029,蚤
2030,灯
2031,阜
2032,楼
2033,队
2034,凭
2035,淆
2036,惩
2037,摘
2038,昆
2039,甩
2040,祖
2041,怠
2042,授
2043,秤
2044,荣
2045,疤
2046,凉
2047,银
2048,锐
2049,蘸
2050,讲
2051,雪
2052,孟
2053,夫
2054,喇
2055,衍
2056,啼
2057,绘
2058,玲
2059,汽
2060,祛
2061,腐
2062,裤
2063,弟
2064,遮
2065,煮
2066,灾
2067,抖
2068,伊
2069,皆
2070,谁
2071,弃
2072,尊
2073,Ⅶ
2074,珀
2075,藏
2076,卒
2077,纱
2078,虱
2079,斥
2080,腥
2081,褐
2082,钉
2083,宗
2084,湾
2085,褶
2086,魏
2087,蛇
2088,芯
2089,耸
2090,乘
2091,肘
2092,褥
2093,卜
2094,襞
2095,讯
2096,螨
2097,挂
2098,浴
2099,畴
2100,扬
2101,弄
2102,郊
2103,挺
2104,驶
2105,宾
2106,箭
2107,园
2108,愉
2109,堂
2110,祥
2111,饪
2112,怎
2113,炭
2114,Ⅵ
2115,职
2116,迎
2117,瑰
2118,鹉
2119,泰
2120,萝
2121,虐
2122,贯
2123,嵴
2124,芝
2125,Ⅺ
2126,粥
2127,抹
2128,踞
2129,袜
2130,厘
2131,菊
2132,拳
2133,皓
2134,鹦
2135,毗
2136,缬
2137,欣
2138,吹
2139,田
2140,援
2141,猩
2142,嗅
2143,躲
2144,叹
2145,谈
2146,账
2147,蒿
2148,壤
2149,猛
2150,悲
2151,滚
2152,番
2153,睬
2154,絮
2155,殆
2156,蟹
2157,掩
2158,嘶
2159,荤
2160,宣
2161,柏
2162,承
2163,闪
2164,缄
2165,你
2166,〕
2167,燕
2168,牢
2169,蹼
2170,削
2171,燃
2172,楔
2173,劣
2174,纶
2175,恙
2176,妄
2177,火
2178,僻
2179,荟
2180,柳
2181,恋
2182,舱
2183,酗
2184,幸
2185,锯
2186,皂
2187,糙
2188,枫
2189,敌
2190,烹
2191,儒
2192,悸
2193,郎
2194,Ⅻ
2195,玫
2196,黎
2197,蚌
2198,莱
2199,樊
2200,扶
2201,蜘
2202,誉
2203,罹
2204,捷
2205,哥
2206,踢
2207,氦
2208,侏
2209,惠
2210,θ
2211,氰
2212,亨
2213,廷
2214,颠
2215,λ
2216,唐
2217,售
2218,舍
2219,赏
2220,龟
2221,萃
2222,锚
2223,胨
2224,骑
2225,蹄
2226,秀
2227,旨
2228,拢
2229,坠
2230,韩
2231,招
2232,醚
2233,铋
2234,卑
2235,哲
2236,爽
2237,挡
2238,舟
2239,矽
2240,撑
2241,棱
2242,噘
2243,κ
2244,疆
2245,裕
2246,坤
2247,豪
2248,锤
2249,奏
2250,赛
2251,吓
2252,蜍
2253,酷
2254,庄
2255,弗
2256,岗
2257,萍
2258,滩
2259,歌
2260,佘
2261,鬼
2262,拓
2263,橘
2264,癣
2265,肇
2266,肖
2267,拷
2268,矩
2269,刮
2270,庚
2271,胫
2272,澡
2273,粮
2274,﹑
2275,仙
2276,晒
2277,派
2278,幻
2279,鲍
2280,蟾
2281,阔
2282,琴
2283,朱
2284,蝎
2285,慈
2286,寸
2287,憾
2288,湖
2289,腓
2290,蝇
2291,姚
2292,坡
2293,痤
2294,嗣
2295,硼
2296,橡
2297,饼
2298,娱
2299,枯
2300,哈
2301,呛
2302,疖
2303,愤
2304,烷
2305,钱
2306,ö
2307,〔
2308,蔽
2309,淘
2310,捻
2311,寡
2312,蚀
2313,嗳
2314,苹
2315,瞬
2316,刹
2317,喀
2318,申
2319,痔
2320,割
2321,颏
2322,傍
2323,挪
2324,址
2325,藤
2326,膦
2327,逗
2328,蕈
2329,喃
2330,武
2331,湍
2332,诚
2333,泉
2334,芸
2335,呻
2336,君
2337,甜
2338,兔
2339,冯
2340,靴
2341,筋
2342,栏
2343,辣
2344,钴
2345,姓
2346,钮
2347,橙
2348,棠
2349,夭
2350,盔
2351,昼
2352,纺
2353,届
2354,炸
2355,袖
2356,吟
2357,娟
2358,宇
2359,俊
2360,吠
2361,档
2362,摔
2363,杓
2364,督
2365,舜
2366,峻
2367,姬
2368,菟
2369,桦
2370,召
2371,兜
2372,旅
2373,赞
2374,姜
2375,匡
2376,嗓
2377,肃
2378,τ
2379,涎
2380,桂
2381,仑
2382,窃
2383,茄
2384,贲
2385,噩
2386,杏
2387,虾
2388,⑨
2389,鹰
2390,谵
2391,圣
2392,掉
2393,硒
2394,浙
2395,颁
2396,哼
2397,涛
2398,弼
2399,笔
2400,蒂
2401,蜡
2402,厂
2403,帐
2404,浑
2405,孵
2406,墙
2407,枪
2408,弦
2409,鸭
2410,咕
2411,耍
2412,搓
2413,俗
2414,郭
2415,购
2416,盟
2417,勤
2418,恼
2419,蛙
2420,焚
2421,莓
2422,衬
2423,戒
2424,毙
2425,胝
2426,泊
2427,佛
2428,悟
2429,靖
2430,陌
2431,吊
2432,喝
2433,捕
2434,锦
2435,搬
2436,叭
2437,陡
2438,铬
2439,忍
2440,疽
2441,胼
2442,悠
2443,茫
2444,硅
2445,犹
2446,诵
2447,纲
2448,遂
2449,蒜
2450,店
2451,伟
2452,唬
2453,椅
2454,壶
2455,邦
2456,榄
2457,疯
2458,佐
2459,卓
2460,猕
2461,抉
2462,桑
2463,敢
2464,漆
2465,啊
2466,↘
2467,芹
2468,腾
2469,σ
2470,沮
2471,胧
2472,禽
2473,瓜
2474,芪
2475,烃
2476,锅
2477,痱
2478,钍
2479,锟
2480,檬
2481,敞
2482,删
2483,懒
2484,缠
2485,卢
2486,菲
2487,歪
2488,吾
2489,唱
2490,恕
2491,脒
2492,朦
2493,契
2494,挣
2495,矛
2496,烤
2497,弊
2498,禾
2499,穷
2500,蛎
2501,圾
2502,亥
2503,迪
2504,衫
2505,&
2506,禄
2507,匈
2508,崇
2509,锂
2510,咸
2511,芥
2512,跚
2513,陕
2514,韵
2515,峡
2516,藕
2517,荒
2518,掺
2519,嫩
2520,箍
2521,铺
2522,董
2523,镕
2524,蔼
2525,凤
2526,怨
2527,祸
2528,●
2529,轨
2530,朵
2531,蹠
2532,琐
2533,迈
2534,粱
2535,汝
2536,跪
2537,铯
2538,葱
2539,伍
2540,岂
2541,沥
2542,麟
2543,稽
2544,塘
2545,怔
2546,螫
2547,陶
2548,痿
2549,搔
2550,鸥
2551,署
2552,钼
2553,蓖
2554,樱
2555,伐
2556,亵
2557,攀
2558,凯
2559,皿
2560,怡
2561,羧
2562,摒
2563,舔
2564,锈
2565,鞭
2566,蜈
2567,翎
2568,聊
2569,裸
2570,茵
2571,贤
2572,鲨
2573,炉
2574,瘪
2575,棋
2576,彭
2577,萱
2578,钻
2579,牡
2580,皙
2581,飘
2582,煤
2583,廊
2584,搜
2585,偌
2586,捉
2587,蚣
2588,◇
2589,栀
2590,玛
2591,恤
2592,剃
2593,贾
2594,朗
2595,撒
2596,曙
2597,φ
2598,饰
2599,街
2600,骏
2601,蜕
2602,赫
2603,抛
2604,豚
2605,秦
2606,昌
2607,劲
2608,耿
2609,阮
2610,灏
2611,丽
2612,帧
2613,榈
2614,睹
2615,涨
2616,签
2617,槽
2618,嘱
2619,雀
2620,烘
2621,艳
2622,炯
2623,绎
2624,摧
2625,躺
2626,铡
2627,鲎
2628,撰
2629,岸
2630,寓
2631,痴
2632,呵
2633,枉
2634,怪
2635,卿
2636,享
2637,霞
2638,郡
2639,褪
2640,驾
2641,蒋
2642,葛
2643,缢
2644,悔
2645,埋
2646,酊
2647,哽
2648,贻
2649,耦
2650,陵
2651,寂
2652,狗
2653,堡
2654,拖
2655,垦
2656,溯
2657,煎
2658,私
2659,徽
2660,炖
2661,娅
2662,蹦
2663,县
2664,旭
2665,厅
2666,艺
2667,踮
2668,釉
2669,倘
2670,她
2671,闸
2672,炳
2673,濒
2674,刊
2675,敬
2676,↓
2677,辽
2678,}
2679,镉
2680,霁
2681,凑
2682,浦
2683,佩
2684,砷
2685,浪
2686,惑
2687,螃
2688,硕
2689,甸
2690,廖
2691,坑
2692,堪
2693,沸
2694,搽
2695,玄
2696,贡
2697,劝
2698,扔
2699,乌
2700,箕
2701,猿
2702,彬
2703,胍
2704,滨
2705,炒
2706,砌
2707,镶
2708,丑
2709,违
2710,镓
2711,祝
2712,席
2713,企
2714,挽
2715,噎
2716,忙
2717,枣
2718,牌
2719,帆
2720,戚
2721,襻
2722,拆
2723,辏
2724,疚
2725,屡
2726,椒
2727,屋
2728,髌
2729,蹬
2730,拗
2731,慧
2732,脖
2733,鹤
2734,蛰
2735,夷
2736,销
2737,腌
2738,曼
2739,鞣
2740,熙
2741,雏
2742,忠
2743,邪
2744,荠
2745,鸽
2746,邹
2747,湛
2748,殴
2749,孝
2750,婕
2751,妙
2752,÷
2753,傅
2754,缅
2755,饵
2756,|
2757,婷
2758,猜
2759,雍
2760,搞
2761,搦
2762,渍
2763,妆
2764,沪
2765,恃
2766,谣
2767,昱
2768,铸
2769,滕
2770,匮
2771,撅
2772,乡
2773,{
2774,邬
2775,毅
2776,隋
2777,琳
2778,裨
2779,窥
2780,仲
2781,铲
2782,蹒
2783,戳
2784,橄
2785,黛
2786,郑
2787,诞
2788,豌
2789,◎
2790,吼
2791,晏
2792,遏
2793,晾
2794,杠
2795,孪
2796,洒
2797,淫
2798,蜗
2799,Δ
2800,衄
2801,匣
2802,莹
2803,咧
2804,瑛
2805,揉
2806,赵
2807,寞
2808,垢
2809,羽
2810,梨
2811,陋
2812,洽
2813,莲
2814,蚁
2815,辟
2816,擅
2817,宋
2818,砂
2819,洪
2820,桌
2821,辖
2822,夸
2823,庸
2824,颧
2825,浩
2826,碧
2827,猥
2828,墉
2829,霜
2830,葚
2831,忘
2832,惰
2833,熏
2834,沃
2835,辉
2836,晋
2837,栋
2838,雅
2839,垃
2840,呱
2841,氽
2842,卤
2843,鳃
2844,鑫
2845,俄
2846,盾
2847,裔
2848,聆
2849,瞧
2850,逸
2851,披
2852,泣
2853,莨
2854,麸
2855,○
2856,偷
2857,焕
2858,梳
2859,绦
2860,糕
2861,剔
2862,赋
2863,垒
2864,跺
2865,绷
2866,菪
