的,1
、,2
性,3
病,4
血,5
）,6
（,7
1,8
可,9
有,10
发,11
儿,12
生,13
0,14
和,15
为,16
2,17
$,18
在,19
不,20
时,21
用,22
体,23
.,24
一,25
或,26
及,27
中,28
常,29
于,30
出,31
以,32
分,33
是,34
动,35
能,36
现,37
细,38
后,39
多,40
小,41
心,42
症,43
3,44
5,45
s,46
管,47
因,48
m,49
疗,50
胞,51
应,52
量,53
高,54
g,55
内,56
大,57
e,58
a,59
重,60
i,61
素,62
～,63
对,64
_,65
>,66
<,67
成,68
患,69
4,70
肺,71
等,72
期,73
者,74
感,75
A,76
其,77
要,78
状,79
染,80
上,81
物,82
下,83
部,84
治,85
合,86
肾,87
尿,88
%,89
表,90
脉,91
如,92
菌,93
炎,94
与,95
o,96
u,97
/,98
n,99
增,100
型,101
化,102
-,103
r,104
度,105
气,106
过,107
毒,108
原,109
作,110
C,111
l,112
白,113
吸,114
主,115
脑,116
检,117
人,118
经,119
年,120
结,121
6,122
水,123
低,124
间,125
行,126
抗,127
而,128
H,129
t,130
变,131
P,132
少,133
进,134
力,135
种,136
药,137
诊,138
道,139
9,140
流,141
酸,142
肿,143
外,144
较,145
断,146
定,147
D,148
见,149
I,150
膜,151
位,152
查,153
缺,154
无,155
学,156
压,157
起,158
质,159
S,160
前,161
个,162
同,163
肠,164
通,165
p,166
加,167
长,168
c,169
正,170
床,171
但,172
反,173
形,174
显,175
明,176
肌,177
液,178
T,179
致,180
使,181
方,182
导,183
并,184
术,185
临,186
数,187
率,188
关,189
新,190
b,191
室,192
异,193
特,194
组,195
蛋,196
理,197
8,198
复,199
功,200
活,201
基,202
也,203
制,204
全,205
剂,206
入,207
由,208
d,209
瘤,210
皮,211
7,212
呼,213
疾,214
征,215
次,216
N,217
类,218
神,219
B,220
童,221
R,222
系,223
法,224
相,225
M,226
程,227
维,228
减,229
免,230
此,231
引,232
测,233
最,234
L,235
疫,236
到,237
周,238
二,239
效,240
天,241
产,242
持,243
损,244
k,245
影,246
注,247
平,248
节,249
子,250
至,251
静,252
受,253
三,254
急,255
养,256
传,257
需,258
腹,259
织,260
骨,261
育,262
所,263
本,264
他,265
解,266
接,267
糖,268
降,269
脏,270
肝,271
食,272
严,273
情,274
氧,275
V,276
每,277
障,278
面,279
激,280
早,281
自,282
失,283
代,284
左,285
右,286
球,287
色,288
G,289
这,290
除,291
手,292
红,293
包,294
存,295
张,296
机,297
腺,298
指,299
h,300
伴,301
婴,302
消,303
均,304
碍,305
即,306
清,307
口,308
确,309
第,310
转,311
果,312
国,313
环,314
E,315
统,316
头,317
酶,318
了,319
例,320
月,321
据,322
痛,323
良,324
O,325
胃,326
核,327
些,328
单,329
达,330
意,331
电,332
标,333
岁,334
括,335
则,336
会,337
积,338
验,339
来,340
当,341
比,342
慢,343
先,344
易,345
阻,346
别,347
身,348
热,349
实,350
伤,351
改,352
收,353
直,354
提,355
开,356
续,357
F,358
死,359
综,360
般,361
科,362
示,363
造,364
目,365
各,366
侧,367
胸,368
腔,369
射,370
随,371
速,372
点,373
缩,374
龄,375
地,376
预,377
房,378
约,379
轻,380
根,381
给,382
排,383
支,384
近,385
y,386
遗,387
胎,388
输,389
好,390
调,391
强,392
非,393
两,394
得,395
向,396
之,397
研,398
切,399
况,400
隔,401
乏,402
放,403
扩,404
超,405
四,406
区,407
母,408
已,409
究,410
完,411
医,412
运,413
从,414
巴,415
将,416
容,417
呈,418
展,419
氨,420
足,421
图,422
试,423
称,424
乳,425
服,426
缓,427
还,428
样,429
很,430
响,431
衰,432
适,433
泌,434
溶,435
黏,436
具,437
处,438
选,439
含,440
器,441
家,442
未,443
X,444
营,445
且,446
态,447
线,448
抽,449
防,450
谢,451
肉,452
采,453
然,454
被,455
离,456
保,457
音,458
片,459
置,460
刺,461
甲,462
幼,463
更,464
移,465
计,466
报,467
难,468
青,469
声,470
差,471
淋,472
围,473
突,474
日,475
波,476
纤,477
竭,478
阳,479
止,480
抑,481
透,482
升,483
始,484
杆,485
段,486
证,487
杂,488
颅,489
视,490
干,491
板,492
取,493
脊,494
快,495
双,496
仅,497
准,498
补,499
陷,500
瓣,501
脂,502
塞,503
析,504
阴,505
该,506
充,507
往,508
极,509
髓,510
门,511
贫,512
疹,513
利,514
囊,515
便,516
脱,517
继,518
值,519
再,520
敏,521
步,522
循,523
害,524
①,525
②,526
交,527
认,528
源,529
脓,530
U,531
短,532
式,533
限,534
肤,535
镜,536
胱,537
助,538
眼,539
必,540
立,541
渐,542
微,543
畸,544
闭,545
黄,546
逐,547
仍,548
连,549
局,550
技,551
钙,552
钠,553
尚,554
粒,555
安,556
f,557
克,558
规,559
端,560
裂,561
培,562
控,563
构,564
霉,565
问,566
予,567
联,568
坏,569
窄,570
着,571
浆,572
观,573
虫,574
延,575
睡,576
“,577
”,578
供,579
泡,580
带,581
③,582
依,583
危,584
我,585
首,586
停,587
浓,588
铁,589
尤,590
累,591
护,592
胆,593
评,594
v,595
＜,596
象,597
•,598
胺,599
胰,600
虑,601
占,602
+,603
亡,604
考,605
碱,606
善,607
社,608
狭,609
凝,610
群,611
半,612
否,613
又,614
肢,615
整,616
膀,617
史,618
困,619
链,620
女,621
＞,622
总,623
广,624
回,625
语,626
叶,627
故,628
促,629
葡,630
甚,631
风,632
像,633
题,634
觉,635
吐,636
W,637
列,638
咽,639
渗,640
触,641
密,642
只,643
恶,644
息,645
都,646
做,647
梗,648
述,649
径,650
初,651
价,652
男,653
鼻,654
穿,655
钾,656
典,657
呕,658
监,659
光,660
察,661
十,662
萄,663
空,664
诱,665
精,666
壁,667
尖,668
获,669
磷,670
集,671
某,672
似,673
条,674
属,675
几,676
志,677
推,678
毛,679
换,680
境,681
滴,682
丙,683
另,684
μ,685
K,686
频,687
隐,688
恢,689
固,690
格,691
酮,692
若,693
亦,694
共,695
摄,696
释,697
智,698
律,699
植,700
义,701
软,702
界,703
鉴,704
决,705
泻,706
参,707
按,708
休,709
越,710
松,711
颈,712
须,713
眠,714
亲,715
殖,716
熟,717
尽,718
就,719
迫,720
五,721
破,722
硬,723
言,724
苗,725
亚,726
β,727
湿,728
择,729
工,730
布,731
曲,732
耐,733
美,734
负,735
咳,736
痫,737
普,738
真,739
乙,740
宜,741
碳,742
灶,743
知,744
孔,745
说,746
侵,747
去,748
饮,749
盐,750
肪,751
路,752
迟,753
温,754
紧,755
癫,756
衡,757
麻,758
备,759
枢,760
才,761
播,762
泛,763
避,764
何,765
针,766
冠,767
疼,768
料,769
留,770
乱,771
螺,772
们,773
灌,774
窦,775
项,776
万,777
Ⅱ,778
退,779
终,780
西,781
巨,782
散,783
深,784
案,785
网,786
④,787
钟,788
品,789
层,790
洗,791
估,792
阿,793
紫,794
氢,795
孕,796
级,797
族,798
习,799
脾,800
栓,801
健,802
远,803
苯,804
筛,805
沉,806
喂,807
晚,808
弱,809
记,810
院,811
照,812
疡,813
挛,814
氯,815
底,816
浸,817
米,818
斑,819
任,820
配,821
×,822
康,823
件,824
论,825
落,826
卵,827
旋,828
Ⅰ,829
紊,830
范,831
暂,832
J,833
险,834
孩,835
倍,836
施,837
块,838
睾,839
它,840
幽,841
弥,842
嗜,843
华,844
润,845
著,846
惊,847
迅,848
卫,849
设,850
没,851
溃,852
殊,853
附,854
父,855
∶,856
胶,857
搏,858
胀,859
膨,860
辅,861
春,862
简,863
聚,864
础,865
愈,866
丢,867
识,868
喘,869
北,870
末,871
许,872
疸,873
信,874
官,875
缘,876
偏,877
判,878
建,879
访,880
介,881
算,882
肥,883
粪,884
角,885
弓,886
假,887
稳,888
痉,889
锌,890
纠,891
念,892
林,893
装,894
途,895
世,896
冲,897
资,898
锁,899
求,900
苷,901
六,902
Q,903
描,904
纯,905
α,906
混,907
告,908
员,909
醇,910
势,911
孢,912
厚,913
独,914
酰,915
副,916
厥,917
号,918
版,919
萎,920
偶,921
命,922
赖,923
阶,924
海,925
x,926
余,927
靠,928
圆,929
珠,930
喉,931
优,932
】,933
【,934
满,935
够,936
禁,937
金,938
牙,939
际,940
游,941
序,942
潜,943
荷,944
胚,945
旁,946
鞘,947
奶,948
噬,949
耗,950
虽,951
败,952
兴,953
南,954
元,955
疑,956
边,957
妇,958
兰,959
漫,960
唑,961
替,962
久,963
听,964
镇,965
想,966
模,967
宫,968
己,969
舒,970
趋,971
探,972
q,973
脐,974
峰,975
堵,976
嗽,977
横,978
京,979
污,980
柱,981
滞,982
骼,983
痰,984
庭,985
顺,986
残,987
纹,988
卡,989
救,990
拉,991
录,992
专,993
荐,994
杀,995
硫,996
哮,997
Ⅲ,998
振,999
看,1000
衣,1001
走,1002
融,1003
教,1004
铜,1005
丸,1006
尼,1007
寒,1008
垂,1009
粉,1010
滑,1011
吞,1012
餐,1013
事,1014
石,1015
瘫,1016
插,1017
套,1018
碘,1019
苏,1020
佳,1021
文,1022
绝,1023
创,1024
映,1025
百,1026
Y,1027
芽,1028
乎,1029
z,1030
屏,1031
迷,1032
滤,1033
协,1034
递,1035
疱,1036
≥,1037
盘,1038
名,1039
汁,1040
伏,1041
w,1042
剖,1043
氮,1044
绀,1045
醒,1046
逆,1047
章,1048
械,1049
奋,1050
氏,1051
潮,1052
涂,1053
泄,1054
剧,1055
宿,1056
亢,1057
梅,1058
民,1059
尔,1060
束,1061
操,1062
幅,1063
疮,1064
颗,1065
富,1066
骤,1067
纵,1068
颤,1069
粗,1070
革,1071
叩,1072
窒,1073
仪,1074
⑤,1075
烈,1076
找,1077
叠,1078
宽,1079
误,1080
送,1081
椎,1082
措,1083
偿,1084
洛,1085
肛,1086
羟,1087
待,1088
帮,1089
扫,1090
丝,1091
夜,1092
=,1093
漏,1094
稀,1095
楚,1096
岛,1097
耳,1098
饱,1099
背,1100
℃,1101
市,1102
腰,1103
羊,1104
妊,1105
膳,1106
娠,1107
股,1108
隙,1109
储,1110
沙,1111
季,1112
修,1113
昏,1114
轴,1115
码,1116
癜,1117
公,1118
击,1119
荧,1120
业,1121
编,1122
卧,1123
阵,1124
话,1125
冷,1126
互,1127
孤,1128
索,1129
绪,1130
伸,1131
牛,1132
纪,1133
厌,1134
臂,1135
略,1136
盂,1137
酯,1138
隆,1139
词,1140
怀,1141
斜,1142
欲,1143
弹,1144
马,1145
谱,1146
磺,1147
—,1148
扁,1149
雾,1150
甘,1151
暴,1152
距,1153
豆,1154
鲜,1155
曾,1156
癌,1157
友,1158
苍,1159
躯,1160
酚,1161
闻,1162
翻,1163
露,1164
肽,1165
疟,1166
沟,1167
键,1168
烟,1169
野,1170
居,1171
磁,1172
蛛,1173
那,1174
畅,1175
烦,1176
遍,1177
繁,1178
今,1179
丰,1180
戏,1181
偻,1182
玩,1183
齿,1184
株,1185
佝,1186
鸣,1187
茶,1188
潴,1189
把,1190
既,1191
狼,1192
携,1193
呤,1194
油,1195
扰,1196
旦,1197
议,1198
肋,1199
详,1200
淀,1201
警,1202
尾,1203
醛,1204
拮,1205
脆,1206
住,1207
丘,1208
迁,1209
乐,1210
啶,1211
镁,1212
献,1213
辛,1214
蠕,1215
秒,1216
弯,1217
询,1218
嗪,1219
袭,1220
浅,1221
晨,1222
烧,1223
车,1224
膈,1225
疝,1226
跳,1227
丁,1228
焦,1229
腱,1230
氟,1231
济,1232
抵,1233
窘,1234
灭,1235
味,1236
泼,1237
望,1238
域,1239
司,1240
棘,1241
疏,1242
舌,1243
叉,1244
掌,1245
靶,1246
汗,1247
凹,1248
额,1249
材,1250
糜,1251
喷,1252
酐,1253
七,1254
辨,1255
江,1256
师,1257
添,1258
鼠,1259
托,1260
练,1261
震,1262
啰,1263
场,1264
硝,1265
疲,1266
慎,1267
丧,1268
哭,1269
溺,1270
错,1271
桃,1272
太,1273
缔,1274
握,1275
划,1276
争,1277
Ⅳ,1278
泵,1279
益,1280
薄,1281
答,1282
躁,1283
歇,1284
纳,1285
妥,1286
弛,1287
惯,1288
思,1289
倾,1290
扭,1291
顾,1292
涉,1293
灰,1294
挥,1295
永,1296
啡,1297
幕,1298
草,1299
概,1300
⑥,1301
痪,1302
络,1303
酪,1304
黑,1305
搐,1306
寄,1307
犯,1308
浊,1309
晶,1310
蓝,1311
稍,1312
滋,1313
符,1314
瘘,1315
烂,1316
亮,1317
晕,1318
份,1319
晰,1320
刻,1321
咬,1322
央,1323
瘀,1324
坐,1325
折,1326
忌,1327
奇,1328
枕,1329
封,1330
噻,1331
团,1332
肩,1333
娩,1334
粘,1335
缝,1336
盖,1337
窝,1338
扎,1339
颜,1340
廓,1341
顶,1342
省,1343
希,1344
郁,1345
校,1346
趾,1347
劳,1348
打,1349
匀,1350
轮,1351
恐,1352
囟,1353
姿,1354
Z,1355
寻,1356
费,1357
陈,1358
烫,1359
醉,1360
花,1361
唇,1362
哌,1363
杨,1364
泮,1365
罕,1366
欧,1367
池,1368
淹,1369
冬,1370
倒,1371
j,1372
洲,1373
邻,1374
洁,1375
瘦,1376
咪,1377
≤,1378
嘌,1379
瑞,1380
Ⅷ,1381
芬,1382
唯,1383
梦,1384
屈,1385
丛,1386
诉,1387
磨,1388
嘧,1389
字,1390
忆,1391
匹,1392
盲,1393
八,1394
训,1395
韦,1396
锥,1397
贮,1398
痹,1399
雷,1400
膝,1401
蛔,1402
痕,1403
么,1404
颌,1405
坚,1406
汇,1407
星,1408
木,1409
却,1410
肯,1411
吮,1412
灵,1413
农,1414
载,1415
读,1416
腭,1417
让,1418
催,1419
九,1420
钩,1421
菜,1422
驱,1423
腮,1424
截,1425
呋,1426
汤,1427
庆,1428
仿,1429
拍,1430
淡,1431
遇,1432
绒,1433
斗,1434
犬,1435
抢,1436
脲,1437
稠,1438
纸,1439
γ,1440
荡,1441
句,1442
迹,1443
吡,1444
策,1445
圈,1446
罗,1447
*,1448
归,1449
［,1450
候,1451
脸,1452
谓,1453
忽,1454
英,1455
架,1456
顿,1457
铅,1458
川,1459
鼓,1460
务,1461
苄,1462
淤,1463
蝶,1464
］,1465
蔓,1466
盆,1467
鲁,1468
老,1469
沿,1470
趣,1471
谷,1472
龙,1473
渣,1474
腿,1475
《,1476
吗,1477
演,1478
东,1479
虚,1480
》,1481
挤,1482
什,1483
梁,1484
篇,1485
颞,1486
午,1487
暗,1488
拟,1489
爱,1490
牵,1491
勒,1492
李,1493
喜,1494
覆,1495
吃,1496
鱼,1497
腋,1498
里,1499
枝,1500
‰,1501
δ,1502
矫,1503
威,1504
埃,1505
攻,1506
糊,1507
睑,1508
霍,1509
壳,1510
商,1511
汉,1512
鸟,1513
盈,1514
暖,1515
莫,1516
舞,1517
夏,1518
订,1519
狂,1520
柔,1521
哺,1522
痢,1523
书,1524
皱,1525
欢,1526
令,1527
愿,1528
瘢,1529
德,1530
绿,1531
历,1532
撤,1533
跨,1534
猝,1535
怕,1536
痘,1537
钡,1538
崎,1539
荚,1540
吻,1541
瞳,1542
巢,1543
城,1544
燥,1545
印,1546
咨,1547
彻,1548
撞,1549
赘,1550
斯,1551
福,1552
髂,1553
讨,1554
扑,1555
脚,1556
担,1557
凡,1558
践,1559
飞,1560
贝,1561
领,1562
军,1563
拇,1564
桥,1565
Ⅴ,1566
嵌,1567
惹,1568
香,1569
沫,1570
酌,1571
擦,1572
吴,1573
战,1574
芳,1575
台,1576
冰,1577
垫,1578
逼,1579
哪,1580
洞,1581
宁,1582
雄,1583
夹,1584
巩,1585
绍,1586
扣,1587
麦,1588
灼,1589
烯,1590
泳,1591
跃,1592
站,1593
剑,1594
拒,1595
聋,1596
责,1597
客,1598
胡,1599
云,1600
办,1601
摸,1602
撕,1603
仔,1604
坦,1605
昔,1606
净,1607
蹈,1608
蚴,1609
画,1610
唾,1611
叫,1612
秘,1613
嘴,1614
树,1615
梢,1616
阐,1617
涵,1618
绕,1619
钢,1620
髋,1621
委,1622
猪,1623
枸,1624
怖,1625
°,1626
醋,1627
→,1628
喹,1629
冻,1630
媒,1631
簧,1632
懂,1633
橼,1634
辐,1635
洋,1636
冒,1637
罩,1638
梯,1639
碎,1640
蒙,1641
伪,1642
粟,1643
虹,1644
膏,1645
山,1646
闹,1647
借,1648
恰,1649
鹅,1650
摩,1651
畏,1652
遵,1653
亿,1654
寿,1655
戊,1656
艾,1657
憩,1658
秋,1659
锡,1660
诺,1661
剥,1662
千,1663
棕,1664
琼,1665
拭,1666
匿,1667
梭,1668
政,1669
兆,1670
敷,1671
恒,1672
抱,1673
臭,1674
王,1675
炼,1676
追,1677
萘,1678
钳,1679
贵,1680
御,1681
痂,1682
凸,1683
’,1684
茎,1685
汀,1686
屑,1687
肱,1688
迄,1689
欠,1690
绩,1691
刷,1692
椭,1693
戴,1694
尺,1695
悬,1696
古,1697
拥,1698
兼,1699
河,1700
泪,1701
痒,1702
士,1703
哚,1704
锻,1705
Φ,1706
守,1707
剩,1708
骺,1709
臀,1710
忧,1711
崩,1712
馈,1713
袋,1714
肟,1715
抬,1716
吲,1717
朋,1718
串,1719
景,1720
伞,1721
骶,1722
雌,1723
土,1724
齐,1725
秽,1726
韧,1727
苦,1728
登,1729
卷,1730
±,1731
镰,1732
刀,1733
颊,1734
滥,1735
慰,1736
渴,1737
跟,1738
竞,1739
纽,1740
酒,1741
徐,1742
耻,1743
姑,1744
惕,1745
玻,1746
钝,1747
廉,1748
箱,1749
悉,1750
咖,1751
叙,1752
稚,1753
⑦,1754
盛,1755
刚,1756
蛲,1757
僵,1758
呓,1759
执,1760
谨,1761
帕,1762
伯,1763
启,1764
惧,1765
靡,1766
簇,1767
婚,1768
…,1769
旺,1770
昂,1771
吵,1772
贴,1773
顽,1774
胖,1775
零,1776
漂,1777
肼,1778
奈,1779
权,1780
扪,1781
溢,1782
貌,1783
绞,1784
杯,1785
鸡,1786
眶,1787
勿,1788
乃,1789
矢,1790
饥,1791
毕,1792
锰,1793
拿,1794
彩,1795
返,1796
诸,1797
库,1798
腕,1799
州,1800
投,1801
矮,1802
遭,1803
倡,1804
Ⅸ,1805
妈,1806
辆,1807
弧,1808
蔬,1809
孙,1810
棉,1811
桡,1812
塑,1813
堆,1814
课,1815
辑,1816
涤,1817
写,1818
龈,1819
潘,1820
杵,1821
毫,1822
蚕,1823
励,1824
胛,1825
泽,1826
批,1827
仰,1828
酵,1829
嚼,1830
甾,1831
册,1832
奎,1833
跌,1834
蔗,1835
爆,1836
嚏,1837
巧,1838
奔,1839
跖,1840
咯,1841
扇,1842
瑟,1843
萌,1844
凋,1845
彼,1846
螯,1847
涕,1848
睛,1849
班,1850
旧,1851
拼,1852
柯,1853
',1854
府,1855
吉,1856
铃,1857
哆,1858
漠,1859
啉,1860
扮,1861
村,1862
努,1863
阀,1864
森,1865
绵,1866
裹,1867
尘,1868
窗,1869
挫,1870
憋,1871
恩,1872
胁,1873
萨,1874
剪,1875
闷,1876
夺,1877
壮,1878
搭,1879
摇,1880
举,1881
杜,1882
逃,1883
娣,1884
踏,1885
苔,1886
俯,1887
酱,1888
猴,1889
哑,1890
莉,1891
仁,1892
袢,1893
沈,1894
盒,1895
博,1896
阈,1897
框,1898
陆,1899
怒,1900
浮,1901
摆,1902
Ⅹ,1903
蓄,1904
卟,1905
废,1906
厕,1907
唤,1908
抚,1909
蹲,1910
杰,1911
刘,1912
赶,1913
译,1914
填,1915
饿,1916
瓶,1917
龋,1918
歧,1919
朝,1920
港,1921
魇,1922
倦,1923
矿,1924
睫,1925
津,1926
娃,1927
笑,1928
璃,1929
鞋,1930
蜱,1931
铝,1932
尸,1933
痊,1934
奖,1935
锝,1936
眨,1937
饲,1938
拔,1939
妹,1940
隧,1941
鹿,1942
漱,1943
眉,1944
棒,1945
珍,1946
胜,1947
巾,1948
蘑,1949
翼,1950
溴,1951
甙,1952
筒,1953
审,1954
盏,1955
琥,1956
塌,1957
薯,1958
畜,1959
汞,1960
蔡,1961
阅,1962
挑,1963
罚,1964
⑧,1965
铂,1966
呆,1967
蚊,1968
徙,1969
墨,1970
翘,1971
阑,1972
铵,1973
猫,1974
凶,1975
尝,1976
踪,1977
踝,1978
爬,1979
默,1980
妨,1981
盗,1982
泥,1983
玉,1984
奥,1985
鞍,1986
凌,1987
逻,1988
晓,1989
咀,1990
疣,1991
羞,1992
叮,1993
伦,1994
兄,1995
姆,1996
眩,1997
瞻,1998
允,1999
伙,2000
抓,2001
姐,2002
饭,2003
罐,2004
毁,2005
巯,2006
跑,2007
蒸,2008
帽,2009
付,2010
乖,2011
贺,2012
薛,2013
瘙,2014
菇,2015
丹,2016
户,2017
宝,2018
澳,2019
渡,2020
荨,2021
睁,2022
礼,2023
耶,2024
颇,2025
蜂,2026
揭,2027
众,2028
蚤,2029
灯,2030
阜,2031
楼,2032
队,2033
凭,2034
淆,2035
惩,2036
摘,2037
昆,2038
甩,2039
祖,2040
怠,2041
授,2042
秤,2043
荣,2044
疤,2045
凉,2046
银,2047
锐,2048
蘸,2049
讲,2050
雪,2051
孟,2052
夫,2053
喇,2054
衍,2055
啼,2056
绘,2057
玲,2058
汽,2059
祛,2060
腐,2061
裤,2062
弟,2063
遮,2064
煮,2065
灾,2066
抖,2067
伊,2068
皆,2069
谁,2070
弃,2071
尊,2072
Ⅶ,2073
珀,2074
藏,2075
卒,2076
纱,2077
虱,2078
斥,2079
腥,2080
褐,2081
钉,2082
宗,2083
湾,2084
褶,2085
魏,2086
蛇,2087
芯,2088
耸,2089
乘,2090
肘,2091
褥,2092
卜,2093
襞,2094
讯,2095
螨,2096
挂,2097
浴,2098
畴,2099
扬,2100
弄,2101
郊,2102
挺,2103
驶,2104
宾,2105
箭,2106
园,2107
愉,2108
堂,2109
祥,2110
饪,2111
怎,2112
炭,2113
Ⅵ,2114
职,2115
迎,2116
瑰,2117
鹉,2118
泰,2119
萝,2120
虐,2121
贯,2122
嵴,2123
芝,2124
Ⅺ,2125
粥,2126
抹,2127
踞,2128
袜,2129
厘,2130
菊,2131
拳,2132
皓,2133
鹦,2134
毗,2135
缬,2136
欣,2137
吹,2138
田,2139
援,2140
猩,2141
嗅,2142
躲,2143
叹,2144
谈,2145
账,2146
蒿,2147
壤,2148
猛,2149
悲,2150
滚,2151
番,2152
睬,2153
絮,2154
殆,2155
蟹,2156
掩,2157
嘶,2158
荤,2159
宣,2160
柏,2161
承,2162
闪,2163
缄,2164
你,2165
〕,2166
燕,2167
牢,2168
蹼,2169
削,2170
燃,2171
楔,2172
劣,2173
纶,2174
恙,2175
妄,2176
火,2177
僻,2178
荟,2179
柳,2180
恋,2181
舱,2182
酗,2183
幸,2184
锯,2185
皂,2186
糙,2187
枫,2188
敌,2189
烹,2190
儒,2191
悸,2192
郎,2193
Ⅻ,2194
玫,2195
黎,2196
蚌,2197
莱,2198
樊,2199
扶,2200
蜘,2201
誉,2202
罹,2203
捷,2204
哥,2205
踢,2206
氦,2207
侏,2208
惠,2209
θ,2210
氰,2211
亨,2212
廷,2213
颠,2214
λ,2215
唐,2216
售,2217
舍,2218
赏,2219
龟,2220
萃,2221
锚,2222
胨,2223
骑,2224
蹄,2225
秀,2226
旨,2227
拢,2228
坠,2229
韩,2230
招,2231
醚,2232
铋,2233
卑,2234
哲,2235
爽,2236
挡,2237
舟,2238
矽,2239
撑,2240
棱,2241
噘,2242
κ,2243
疆,2244
裕,2245
坤,2246
豪,2247
锤,2248
奏,2249
赛,2250
吓,2251
蜍,2252
酷,2253
庄,2254
弗,2255
岗,2256
萍,2257
滩,2258
歌,2259
佘,2260
鬼,2261
拓,2262
橘,2263
癣,2264
肇,2265
肖,2266
拷,2267
矩,2268
刮,2269
庚,2270
胫,2271
澡,2272
粮,2273
﹑,2274
仙,2275
晒,2276
派,2277
幻,2278
鲍,2279
蟾,2280
阔,2281
琴,2282
朱,2283
蝎,2284
慈,2285
寸,2286
憾,2287
湖,2288
腓,2289
蝇,2290
姚,2291
坡,2292
痤,2293
嗣,2294
硼,2295
橡,2296
饼,2297
娱,2298
枯,2299
哈,2300
呛,2301
疖,2302
愤,2303
烷,2304
钱,2305
ö,2306
〔,2307
蔽,2308
淘,2309
捻,2310
寡,2311
蚀,2312
嗳,2313
苹,2314
瞬,2315
刹,2316
喀,2317
申,2318
痔,2319
割,2320
颏,2321
傍,2322
挪,2323
址,2324
藤,2325
膦,2326
逗,2327
蕈,2328
喃,2329
武,2330
湍,2331
诚,2332
泉,2333
芸,2334
呻,2335
君,2336
甜,2337
兔,2338
冯,2339
靴,2340
筋,2341
栏,2342
辣,2343
钴,2344
姓,2345
钮,2346
橙,2347
棠,2348
夭,2349
盔,2350
昼,2351
纺,2352
届,2353
炸,2354
袖,2355
吟,2356
娟,2357
宇,2358
俊,2359
吠,2360
档,2361
摔,2362
杓,2363
督,2364
舜,2365
峻,2366
姬,2367
菟,2368
桦,2369
召,2370
兜,2371
旅,2372
赞,2373
姜,2374
匡,2375
嗓,2376
肃,2377
τ,2378
涎,2379
桂,2380
仑,2381
窃,2382
茄,2383
贲,2384
噩,2385
杏,2386
虾,2387
⑨,2388
鹰,2389
谵,2390
圣,2391
掉,2392
硒,2393
浙,2394
颁,2395
哼,2396
涛,2397
弼,2398
笔,2399
蒂,2400
蜡,2401
厂,2402
帐,2403
浑,2404
孵,2405
墙,2406
枪,2407
弦,2408
鸭,2409
咕,2410
耍,2411
搓,2412
俗,2413
郭,2414
购,2415
盟,2416
勤,2417
恼,2418
蛙,2419
焚,2420
莓,2421
衬,2422
戒,2423
毙,2424
胝,2425
泊,2426
佛,2427
悟,2428
靖,2429
陌,2430
吊,2431
喝,2432
捕,2433
锦,2434
搬,2435
叭,2436
陡,2437
铬,2438
忍,2439
疽,2440
胼,2441
悠,2442
茫,2443
硅,2444
犹,2445
诵,2446
纲,2447
遂,2448
蒜,2449
店,2450
伟,2451
唬,2452
椅,2453
壶,2454
邦,2455
榄,2456
疯,2457
佐,2458
卓,2459
猕,2460
抉,2461
桑,2462
敢,2463
漆,2464
啊,2465
↘,2466
芹,2467
腾,2468
σ,2469
沮,2470
胧,2471
禽,2472
瓜,2473
芪,2474
烃,2475
锅,2476
痱,2477
钍,2478
锟,2479
檬,2480
敞,2481
删,2482
懒,2483
缠,2484
卢,2485
菲,2486
歪,2487
吾,2488
唱,2489
恕,2490
脒,2491
朦,2492
契,2493
挣,2494
矛,2495
烤,2496
弊,2497
禾,2498
穷,2499
蛎,2500
圾,2501
亥,2502
迪,2503
衫,2504
&,2505
禄,2506
匈,2507
崇,2508
锂,2509
咸,2510
芥,2511
跚,2512
陕,2513
韵,2514
峡,2515
藕,2516
荒,2517
掺,2518
嫩,2519
箍,2520
铺,2521
董,2522
镕,2523
蔼,2524
凤,2525
怨,2526
祸,2527
●,2528
轨,2529
朵,2530
蹠,2531
琐,2532
迈,2533
粱,2534
汝,2535
跪,2536
铯,2537
葱,2538
伍,2539
岂,2540
沥,2541
麟,2542
稽,2543
塘,2544
怔,2545
螫,2546
陶,2547
痿,2548
搔,2549
鸥,2550
署,2551
钼,2552
蓖,2553
樱,2554
伐,2555
亵,2556
攀,2557
凯,2558
皿,2559
怡,2560
羧,2561
摒,2562
舔,2563
锈,2564
鞭,2565
蜈,2566
翎,2567
聊,2568
裸,2569
茵,2570
贤,2571
鲨,2572
炉,2573
瘪,2574
棋,2575
彭,2576
萱,2577
钻,2578
牡,2579
皙,2580
飘,2581
煤,2582
廊,2583
搜,2584
偌,2585
捉,2586
蚣,2587
◇,2588
栀,2589
玛,2590
恤,2591
剃,2592
贾,2593
朗,2594
撒,2595
曙,2596
φ,2597
饰,2598
街,2599
骏,2600
蜕,2601
赫,2602
抛,2603
豚,2604
秦,2605
昌,2606
劲,2607
耿,2608
阮,2609
灏,2610
丽,2611
帧,2612
榈,2613
睹,2614
涨,2615
签,2616
槽,2617
嘱,2618
雀,2619
烘,2620
艳,2621
炯,2622
绎,2623
摧,2624
躺,2625
铡,2626
鲎,2627
撰,2628
岸,2629
寓,2630
痴,2631
呵,2632
枉,2633
怪,2634
卿,2635
享,2636
霞,2637
郡,2638
褪,2639
驾,2640
蒋,2641
葛,2642
缢,2643
悔,2644
埋,2645
酊,2646
哽,2647
贻,2648
耦,2649
陵,2650
寂,2651
狗,2652
堡,2653
拖,2654
垦,2655
溯,2656
煎,2657
私,2658
徽,2659
炖,2660
娅,2661
蹦,2662
县,2663
旭,2664
厅,2665
艺,2666
踮,2667
釉,2668
倘,2669
她,2670
闸,2671
炳,2672
濒,2673
刊,2674
敬,2675
↓,2676
辽,2677
},2678
镉,2679
霁,2680
凑,2681
浦,2682
佩,2683
砷,2684
浪,2685
惑,2686
螃,2687
硕,2688
甸,2689
廖,2690
坑,2691
堪,2692
沸,2693
搽,2694
玄,2695
贡,2696
劝,2697
扔,2698
乌,2699
箕,2700
猿,2701
彬,2702
胍,2703
滨,2704
炒,2705
砌,2706
镶,2707
丑,2708
违,2709
镓,2710
祝,2711
席,2712
企,2713
挽,2714
噎,2715
忙,2716
枣,2717
牌,2718
帆,2719
戚,2720
襻,2721
拆,2722
辏,2723
疚,2724
屡,2725
椒,2726
屋,2727
髌,2728
蹬,2729
拗,2730
慧,2731
脖,2732
鹤,2733
蛰,2734
夷,2735
销,2736
腌,2737
曼,2738
鞣,2739
熙,2740
雏,2741
忠,2742
邪,2743
荠,2744
鸽,2745
邹,2746
湛,2747
殴,2748
孝,2749
婕,2750
妙,2751
÷,2752
傅,2753
缅,2754
饵,2755
|,2756
婷,2757
猜,2758
雍,2759
搞,2760
搦,2761
渍,2762
妆,2763
沪,2764
恃,2765
谣,2766
昱,2767
铸,2768
滕,2769
匮,2770
撅,2771
乡,2772
{,2773
邬,2774
毅,2775
隋,2776
琳,2777
裨,2778
窥,2779
仲,2780
铲,2781
蹒,2782
戳,2783
橄,2784
黛,2785
郑,2786
诞,2787
豌,2788
◎,2789
吼,2790
晏,2791
遏,2792
晾,2793
杠,2794
孪,2795
洒,2796
淫,2797
蜗,2798
Δ,2799
衄,2800
匣,2801
莹,2802
咧,2803
瑛,2804
揉,2805
赵,2806
寞,2807
垢,2808
羽,2809
梨,2810
陋,2811
洽,2812
莲,2813
蚁,2814
辟,2815
擅,2816
宋,2817
砂,2818
洪,2819
桌,2820
辖,2821
夸,2822
庸,2823
颧,2824
浩,2825
碧,2826
猥,2827
墉,2828
霜,2829
葚,2830
忘,2831
惰,2832
熏,2833
沃,2834
辉,2835
晋,2836
栋,2837
雅,2838
垃,2839
呱,2840
氽,2841
卤,2842
鳃,2843
鑫,2844
俄,2845
盾,2846
裔,2847
聆,2848
瞧,2849
逸,2850
披,2851
泣,2852
莨,2853
麸,2854
○,2855
偷,2856
焕,2857
梳,2858
绦,2859
糕,2860
剔,2861
赋,2862
垒,2863
跺,2864
绷,2865
菪,2866
